,group,users-total-brushes,users-avg-brushes,users-avg-brush-time
3,D,156.0,5.2,49.46218807581308
2,C,149.0,5.321428571428571,49.33190216033966
1,B,59.0,2.0344827586206895,32.88433124346918
0,A,56.0,2.0,28.739107142857144
